{"45": [0.7331478622678026, 0.45017161615585755, 0.746686673313902, 0.8444829642624424, 0.7709045177936613, 0.8560649628025205, 0.6946803126361643, 0.8568086225102223, 0.7912787098744896, 0.826044098669586, 0.8352424448741785, 0.8372936187072394, 0.823705573585501, 0.8030290422855861, 0.8296040836534476, 0.8036400434973867, 0.8287688793947993, 0.5458480239683947, 0.7780192062316366, 0.8084441073627701, 0.8045786525814911, 0.7578555548615105, 0.7550206539894868], "39": [0.841282243297127, 0.7777380083886993, 0.8382494032461892, 0.7976366045388307, 0.8184081689699992, 0.7505937477776093, 0.8382855447256246, 0.6940243782535148, 0.5643956273253028, 0.7734025048414559, 0.8336427922177245, 0.8319040896627733, 0.7144071026879003, 0.8020025052139421, 0.8346286522634279, 0.8379330863530595, 0.8433293872074222, 0.8422306994424226, 0.8417247641674295, 0.8053020638004821, 0.7692649148447471, 0.40414081273473235, 0.7154100018943322], "49": [0.852464158097774, 0.850097354130813, 0.8567174365242453, 0.7520349328423461, 0.7281823195895062, 0.6961327676433009, 0.8043320322304581, 0.7719089090306073, 0.8410689784115867, 0.8352713212047398, 0.8279768127842156, 0.8012379946233552, 0.4490056198217322, 0.802859750558571, 0.8353969934773688, 0.7752697768250488, 0.7830551108906847, 0.8458175322142104, 0.830767541477213, 0.5050046059050339, 0.756786563925194, 0.8089703409091444, 0.7901898613613064], "30": [0.8147902466764554, 0.7928085940900209, 0.7744528311648365, 0.5649996413627192, 0.6948140613066482, 0.8411197373526994, 0.8191350363752319, 0.849876180923586, 0.8559719440187449, 0.7320325475882694, 0.8256856619157238, 0.8389437192103576, 0.8397904931263388, 0.8355679433099867, 0.8434126928309701, 0.7694384082265759, 0.4484107492408666, 0.8265334531528781, 0.8042699038854286, 0.7917958255178038, 0.8144562412561798, 0.7546188375410966, 0.6904086271596716], "48": [0.8341973708208539, 0.8581193924500684, 0.44944945080252685, 0.5641427542433948, 0.8098402737318103, 0.8150256901803683, 0.7518513155877448, 0.8137852371484623, 0.8530467676428245, 0.8424721099423667, 0.8416604012560759, 0.7525208912361828, 0.8386874302050458, 0.8265748225332349, 0.7861586701811113, 0.8353150573906366, 0.8356074853303651, 0.7814528118586137, 0.8263547762067164, 0.8061796394092765, 0.7401617521722806, 0.6904379350737151, 0.6416349545670291], "43": [0.4503760825249232, 0.790962290726705, 0.8145971471906702, 0.6955986485009868, 0.7740180537162115, 0.7309757098541065, 0.818018719387802, 0.8400017087561404, 0.8379262623386212, 0.8260523385037275, 0.8426962512779052, 0.8375664436264288, 0.8420848640079869, 0.785034373073168, 0.8250376212054386, 0.8401638159170125, 0.826392386930658, 0.8347807095501018, 0.8015377229800446, 0.7384200235496415, 0.8091553494515784, 0.503488630812882, 0.7106078051409381], "36": [0.7326465717707892, 0.8337726972762328, 0.7747344573568213, 0.8111658991316485, 0.85591901910513, 0.841449494562274, 0.4499054475079307, 0.8504639697809435, 0.857361192246532, 0.8422639315690107, 0.547466953162309, 0.8393658001438363, 0.8346754992922663, 0.8359125719668296, 0.7298888969207147, 0.840217269970226, 0.7976176213471123, 0.8267109641389971, 0.8007672840798843, 0.7363303443200194, 0.7359353553279103, 0.6451746006378154, 0.755011193634058], "35": [0.7848644549789913, 0.8125165043455259, 0.8529384879785256, 0.8548558085471746, 0.8522642567394431, 0.8166424650742694, 0.7856229648430774, 0.6971079156896028, 0.8524940523985605, 0.7120656467678225, 0.8003103551421293, 0.8341285864972842, 0.7833329152810038, 0.7574657788653365, 0.7301450359406164, 0.8267562981732863, 0.8259083989600973, 0.8415528197127147, 0.8443571406830704, 0.7926397096412503, 0.40346330869322267, 0.5052441616801546, 0.8064330532981218], "41": [0.8573796730234778, 0.8497295000337144, 0.7301205978258418, 0.5651811171541731, 0.8525123154006045, 0.8515558011514276, 0.81286516167828, 0.8339105628838485, 0.6925339533897481, 0.4476525641447685, 0.8000166543463411, 0.8413568485723322, 0.7319342099164899, 0.8327997003381672, 0.836798607555799, 0.834566493172383, 0.8004944141917892, 0.7796350020772468, 0.7595294390344519, 0.7923762557293246, 0.7393658711581003, 0.7561267690988307, 0.7931139340651181], "50": [0.8401311727110963, 0.7816589544773462, 0.8133770532377798, 0.6952045754381831, 0.8498395796300655, 0.44958573146600345, 0.8524798586088677, 0.8527016078197953, 0.7520662250284134, 0.8458239130159426, 0.8341816215714418, 0.8270060455436138, 0.7860983647998812, 0.7529371376309802, 0.7920444298528491, 0.5455927561273732, 0.8013196928924688, 0.8388871535346589, 0.8342123378786777, 0.8078548716383195, 0.6910574983511163, 0.7417569275800865, 0.7929848707324925], "44": [0.8528526273501572, 0.693111746431725, 0.8417590564598039, 0.8552945061498263, 0.8558241396926033, 0.8414827406251467, 0.8563201228905812, 0.7838881554064484, 0.8527972254081035, 0.7559206480620304, 0.7875051303081819, 0.8377445832897686, 0.8014175357017432, 0.7299053113164269, 0.8243241191942448, 0.7154247878409316, 0.5472343775200806, 0.8014563258554602, 0.7769297825120139, 0.8005625021176053, 0.4045878451387034, 0.7593057623595696, 0.7918268676688749], "42": [0.8524035214441479, 0.8519649212529203, 0.7886392722046552, 0.45022550381774284, 0.8565128927838117, 0.75005261729122, 0.811568519920732, 0.8130331075462746, 0.8577590765903271, 0.6787946111273082, 0.7802362920093657, 0.8297442073951102, 0.5475348432194046, 0.8355587955255177, 0.7140972669898483, 0.8242650570771458, 0.7860106507860799, 0.8402001308580155, 0.8250364899381801, 0.7134071392823758, 0.8039493945925338, 0.7920359807600107, 0.7701851512570757], "51": [0.7498176302685384, 0.8519856095545967, 0.8414594982830047, 0.8149228093114926, 0.448815385897135, 0.8165016187767331, 0.8522536461504349, 0.8507009564763796, 0.8467291512789494, 0.8376933708107361, 0.7829092375079452, 0.82623444122922, 0.7914088754513043, 0.7138781293346474, 0.7575402031429791, 0.837875621533359, 0.681017092711283, 0.7729683875134757, 0.7804820852029946, 0.8082368961577066, 0.8099958186501307, 0.7926740076130182, 0.5040138703118971], "53": [0.749222642521675, 0.44953575981317495, 0.8547231347637475, 0.8576476601100891, 0.8140992171670475, 0.8402005257915315, 0.8527172346747565, 0.6955403498099655, 0.8431025844736924, 0.8368317810440332, 0.8338707574767601, 0.7877855687434616, 0.5480672685350991, 0.8364202523889768, 0.8424353298229177, 0.7146700956980568, 0.8241334258045572, 0.8244494133319233, 0.7807548017225108, 0.7533019039285949, 0.76840612115069, 0.7153888580423958, 0.735037497619738], "22": [0.8524605823124253, 0.7277372660740778, 0.7919638347682503, 0.8511743205726706, 0.856272058487402, 0.8522916844167847, 0.8382008101009077, 0.782386833045067, 0.7984789583715639, 0.8241072131906865, 0.8018437173469348, 0.8383047764121467, 0.8411959051347975, 0.8404514867203843, 0.7338389022463313, 0.8330328447278422, 0.825590296698333, 0.7994980141105844, 0.4478468362390794, 0.7135280397490971, 0.7710097003636894, 0.505739633581992, 0.6428492366974349], "26": [0.817846997830488, 0.8489869803897708, 0.44957207893279166, 0.7756619866472778, 0.8516395109022467, 0.7528025861813195, 0.562995202198943, 0.6954948292072248, 0.7979712305157943, 0.7781851603396166, 0.8447102873439994, 0.7126908865191757, 0.8407464171999286, 0.7798731525903411, 0.8253211291626178, 0.8250589793290517, 0.8342124843733189, 0.8262192232433139, 0.8387483038088682, 0.8044224138294006, 0.7705158687088847, 0.7940589850167006, 0.7569785221168135], "31": [0.8379110263916092, 0.8498414207569793, 0.8195917869775233, 0.8389386189860291, 0.8144407214859135, 0.8175937848368927, 0.8553099959065132, 0.8578065959998227, 0.7980157346664035, 0.8254943464989033, 0.7121740559209815, 0.7314185994642521, 0.8348115682498409, 0.6792470294304335, 0.8405886558291803, 0.8273458247721136, 0.7764807741028901, 0.8374777176032207, 0.842700321924188, 0.7135273710068178, 0.40368802062396336, 0.5048835371640882, 0.7358103781286534],